{
  "dummy": {
    "train_rmse": 25.00525056722448,
    "test_rmse": 27.199273568565268,
    "train_mae": 20.47026676374295,
    "test_mae": 21.82031022954687,
    "train_r2": 0.0,
    "test_r2": -0.004508009662814505,
    "cv_rmse": NaN,
    "cv_mae": NaN,
    "cv_r2": NaN,
    "fit_seconds": 0.00033954199898289517
  },
  "cart": {
    "train_rmse": 12.967281663851187,
    "test_rmse": 14.775000398461081,
    "train_mae": 9.1655842410575,
    "test_mae": 10.42723757668118,
    "train_r2": 0.7310723436818721,
    "test_r2": 0.7035893551099798,
    "cv_rmse": 16.07073383636198,
    "cv_mae": 11.326129628380148,
    "cv_r2": 0.6316270414781471,
    "fit_seconds": 1.4442039159985143
  },
  "rf": {
    "train_rmse": 4.1588014634313915,
    "test_rmse": 14.346333541552816,
    "train_mae": 2.6698664983081684,
    "test_mae": 9.9957764859638,
    "train_r2": 0.9723386128783567,
    "test_r2": 0.7205393653472332,
    "cv_rmse": 15.54796623393845,
    "cv_mae": 10.949473066475914,
    "cv_r2": 0.6561509440154674,
    "fit_seconds": 30.23235916699923
  },
  "lgbm": {
    "train_rmse": 10.374228285584053,
    "test_rmse": 13.191807577292881,
    "train_mae": 7.444435578425595,
    "test_mae": 9.157040214836634,
    "train_r2": 0.8278729287388893,
    "test_r2": 0.763708875341089,
    "cv_rmse": 14.034880420408578,
    "cv_mae": 9.97350540266029,
    "cv_r2": 0.7201423144973635,
    "fit_seconds": 6.036974750000809
  }
}